-- phpMyAdmin SQL Dump
-- version 4.0.10.2
-- http://www.phpmyadmin.net
--
-- 主机: localhost:/tmp/mysql-generic-5.5.40.sock
-- 生成日期: 2015-09-19 15:25:41
-- 服务器版本: 5.5.40-log
-- PHP 版本: 5.3.28p1

SET SQL_MODE = "NO_AUTO_VALUE_ON_ZERO";
SET time_zone = "+00:00";


/*!40101 SET @OLD_CHARACTER_SET_CLIENT=@@CHARACTER_SET_CLIENT */;
/*!40101 SET @OLD_CHARACTER_SET_RESULTS=@@CHARACTER_SET_RESULTS */;
/*!40101 SET @OLD_COLLATION_CONNECTION=@@COLLATION_CONNECTION */;
/*!40101 SET NAMES utf8 */;

--
-- 数据库: `cms`
--

-- --------------------------------------------------------

--
-- 表的结构 `articles`
--

CREATE TABLE IF NOT EXISTS `articles` (
  `id` int(10) NOT NULL AUTO_INCREMENT,
  `shopname` varchar(128) NOT NULL,
  `shopid` varchar(16) DEFAULT NULL,
  `building` varchar(64) NOT NULL,
  `px` varchar(64) NOT NULL COMMENT '像素坐标x',
  `py` varchar(64) NOT NULL COMMENT '像素坐标y',
  `lx` varchar(64) NOT NULL COMMENT '经纬度坐标x',
  `ly` varchar(64) NOT NULL COMMENT '经纬度坐标y',
  `phone` varchar(32) DEFAULT NULL,
  `introduce` text,
  `logo` text,
  `img` text,
  `time` timestamp NOT NULL DEFAULT CURRENT_TIMESTAMP,
  `author` int(11) NOT NULL,
  `typeid` int(11) DEFAULT NULL,
  `comment_count` int(10) unsigned NOT NULL DEFAULT '0',
  PRIMARY KEY (`id`)
) ENGINE=MyISAM  DEFAULT CHARSET=utf8 AUTO_INCREMENT=36 ;

--
-- 转存表中的数据 `articles`
--

INSERT INTO `articles` (`id`, `shopname`, `shopid`, `building`, `px`, `py`, `lx`, `ly`, `phone`, `introduce`, `logo`, `img`, `time`, `author`, `typeid`, `comment_count`) VALUES
(1, '中影华发商都巨幕影城', '103', 's37', '1628', '727', '23.333', '66.3333333', '13642411025', '位于珠海华发商都，是中影·国际影城珠海第二家分店。与一般加盟中影院线的影院不一样，中影·国际影城是真正由中影集团直接投资运营的电影院。本华发商都巨幕影院拥有珠中江首块真正中国巨幕，配合全景声效，让影迷感受到排山倒海的视觉效果！', 'upload/shop/2015-03-18/5509792308d95.jpg', 'upload/2014-10-15/543e378b477ed.jpg', '2014-10-12 02:10:42', 1, 3, 0),
(2, '神舟电脑', '101', 's37', '1286', '1522', '', '', '0756-8888888', '深圳市神舟电脑股份有限公司的前身是深圳市神舟电脑有限公司，成立于2001年，是一家以IT( Information Technology)、IA(Information Application)为主业，以电脑技术开发为核心，集研发、生产、销售为一体的高科技企业。在11年的时间里，神舟电脑走过了一条从创立自有品牌的电脑整机，到实现自主研发生产高性能笔记本电脑、台式电脑、液晶一体电脑、LCD液晶显示器和智能电视及其周边设备的稳步发展之路。', 'upload/shop/2014-11-29/5479949d64194.jpg', 'upload/2014-10-09/2212.jpg', '2014-10-09 02:49:21', 2, NULL, 0),
(3, '麦当劳', '202', '', '', '', '', '', '0756-51851851', '麦当劳遍布全球六大洲119个国家，拥有约32000间分店，在很多国家代表着一种美式生活方式。由于是首间和最大跨国快餐连锁企业，麦当劳已是公众讨论关于食物导致肥胖，公司道德和消费责任焦点所代表的快餐文化，被指责影响公众健康，例如高热量导致肥胖，以及缺乏足够均衡营养等。很多人抨击其为垃圾食品。法国以本国饮食文化为荣，很多人敌视麦当劳，视它为美国生活方式入侵代表。在美国，每个高速公路出口附近就有一家麦当劳分店。此外更提供无线上网服务。麦当劳开心乐园餐免费赠送玩具，如迪士尼电影人物玩偶，对儿童颇具吸引力。', 'upload/shop/2014-11-29/547993f71e93e.jpg', 'upload/2014-10-09/3333.jpg', '2014-10-09 02:51:22', 2, NULL, 0),
(4, '苹果', '304', '', '', '', '', '', '0756-1231234', '苹果公司（Apple Inc. ）是美国的一家高科技公司，2007年由美国苹果电脑公司（Apple Computer Inc. ）更名为苹果公司，在2014年世界500强排行榜中排名第15，总部位于加利福尼亚州的库比蒂诺。', 'upload/shop/2015-03-18/55097b055ae23.jpg', 'upload/2014-10-11/5438f3c09c9da.jpg', '2014-10-11 09:09:20', 1, 3, 0),
(9, '阿达迪斯', '110', '', '', '', '', '', '96588', '阿迪达斯（adidas）是德国运动用品制造商，阿迪达斯AG的成员公司。以其创办人阿道夫·阿迪·达斯勒（Adolf Adi Dassler）命名，在1920年于接近纽伦堡的黑措根奥拉赫开始生产鞋类产品。1949年8月18日以adidas AG名字登记。阿迪达斯原本由两兄弟共同开设，在分道扬镳后，阿道夫的哥哥鲁道夫·达斯勒 （Rudolf Dassler）开设了运动品牌puma。其经典广告语：“没有不可能”（Impossible is nothing）。2011年3月，斥资1.6亿欧元启用全新口号——adidas is all in（全倾全力）。', 'upload/shop/2015-03-18/55097c3fbd0f6.png', 'upload/shop/2015-03-18/55097c3fbcc4d.jpg', '2015-03-18 13:23:11', 5, 3, 0),
(7, '联想电脑专卖店', 'A203', 's37', '689', '919', '', '', '5201314', '联想电脑的最大卖点就是质量。联想电脑生产时是专业化、流水线作业，出厂关都经过严格的质量把关，由专业人员在电磁干扰、高低温、辐射等方面进行严格规范化测试。质量上绝对不是仅靠一把螺丝刀组装的兼容机能比的，其故障率比兼容机要少得多。联想电脑所采用的配件性能并不算优秀，不过联想电脑就是让您在使用中表现得稳定、出色，这也体现出厂家的实力。', 'upload/shop/2014-11-29/547994e2c981e.jpg', 'upload/2014-10-24/544a68c332775.jpg', '2014-10-24 14:57:07', 1, NULL, 0),
(8, '肯打鸡', 'A102', '', '', '', '', '', '800517517', '肯德基（Kentucky Fried Chicken，肯塔基州炸鸡），简称KFC，是美国跨国连锁餐厅之一，同时也是世界第二大速食及最大炸鸡连锁企业，由哈兰德·大卫·桑德斯于1930年在肯塔基州路易斯维尔创建，主要出售炸鸡、汉堡、薯条、蛋挞、汽水等高热量快餐食品。\r\n肯德基现隶属于百胜餐饮集团，并与百事可乐结成了战略联盟，固定销售百事公司提供的碳酸饮料（但部分国家例外，如韩国、日本、中国部分城市就销售可口可乐）。截至2013年底共有约7,000 家门店。', 'upload/shop/2014-11-29/5479877d01faa.jpg', 'upload/shop/2014-11-29/5479877d0100a.jpg', '2014-11-29 08:44:45', 1, 1, 0),
(10, '乡奈尔', '119', '', '', '', '', '', '10086', '创始人Coco Chanel（原名：Gabrielle Bonheur Chanel ；中文名：加布里埃·可可·香奈儿）于1910年在法国巴黎创立香奈儿品牌。该品牌产品种类繁多，有服装、珠宝饰品及其配件、化妆品、护肤品、香水等，每一类产品都闻名遐迩，特别是香水与时装。 香奈儿（CHANEL）是一个有着整整百年历史的著名品牌，其时装设计永远保持高雅、简洁、精美的风格。Coco Chanel善于突破传统，早在20世纪40年代就成功地将“五花大绑”的女装推向简单、舒适的设计。这也许就是最早的现代休闲服。', 'upload/shop/2015-03-18/55097cf2b8a1f.jpg', 'upload/shop/2015-03-18/55097cf2b852e.jpg', '2015-03-18 13:26:10', 5, 3, 0),
(11, '耐刻', 'B403', '', '', '', '', '', '96588', 'NIKE是全球著名的体育运动品牌，英文原意指希腊胜利女神，中文译为耐克。公司总部位于美国俄勒冈州Beaverton。公司生产的体育用品包罗万象，例如服装，鞋类，运动器材等', 'upload/shop/2015-03-18/55097d784401f.png', 'upload/shop/2015-03-18/55097d7843a8b.jpg', '2015-03-18 13:28:24', 5, 3, 0),
(12, '辛百伦', 'C444', '', '', '', '', '', '130204012345', '新百伦New Balance，1906年，William J. Riley先生在美国马拉松之城波士顿成立，现已成为众多成功企业家和政治领袖爱用的品牌，在美国及许多国家被誉为“总统慢跑鞋”，“慢跑鞋之王”。', 'upload/shop/2015-03-18/55097e2911911.jpg', 'upload/shop/2015-03-18/55097e29114ac.jpg', '2015-03-18 13:31:21', 5, 3, 0),
(13, '汉堡王', 'G443', '', '', '', '', '', '13245454', '汉堡王（Burger King，NYSE：BKC ），又译：保加敬，是全球大型连锁快餐企业，在全球61个国家及地区拥有超过11,220间分店。', 'upload/shop/2015-03-18/55097e918ad8c.png', 'upload/shop/2015-03-18/55097e918a677.jpg', '2015-03-18 13:33:05', 5, 1, 0),
(14, '满记填品', 'G400', '', '', '', '', '', '94465468465', '满记甜品是香港地区知名连锁品牌。专业生产，经营各类正统港式甜品。香港满记甜品集团自一九九五年于香港西贡区设立第一间 满记甜品以后，由早期一间家庭式糖水店发展成连锁式甜品店。满记甜品以“之心甜品”和“芒果爱上椰”系列尤为突出。', 'upload/shop/2015-03-18/55097f9b602c1.jpg', 'upload/shop/2015-03-18/55097f9b5ed75.jpeg', '2015-03-18 13:37:31', 5, 1, 0),
(15, '许留珊', 'H852', '', '', '', '', '', '89465465', '许留山是香港著名的甜品店,是香港人许留山创办于20世纪60年代,开始以清热袪湿的“特种龟苓膏”及各款凉茶起家。', 'upload/shop/2015-03-18/550980127cb6e.jpg', 'upload/shop/2015-03-18/550980127c4a6.jpg', '2015-03-18 13:39:30', 5, 1, 0),
(16, '腥巴克', 'Y400', '', '', '', '', '', '1654651', '星巴克（Starbucks）是美国一家连锁咖啡公司的名称，1971年成立，为全球最大的咖啡连锁店，其总部坐落美国华盛顿州西雅图市。', 'upload/shop/2015-03-18/550980837a4ca.jpg', 'upload/shop/2015-03-18/5509808379de6.jpeg', '2015-03-18 13:41:23', 5, 1, 0),
(17, '哈根达思', 'R400', '', '', '', '', '', '4984654', '哈根达斯（Häagen-Dazs）原为美国冰激凌品牌，1921年由鲁本·马特斯(Reuben Mattus)研制成功，并于1962在美国纽约布朗克斯命名并上市。', 'upload/shop/2015-03-18/550980f07d546.jpg', 'upload/shop/2015-03-18/550980f07d092.jpg', '2015-03-18 13:43:12', 5, 1, 0),
(18, '地下铁', '北京理工大学珠海学院41栋', '', '', '', '113.547', '22.367', '13798983637', '地下铁北理工店位于珠海北京理工大学珠海学院，总部设在广西柳州市。奶茶种类丰富， 奶茶：招牌奶茶，丝袜奶茶，香港奶茶，鸳鸯奶茶 啡类：香港咖啡，雀巢1+2 柠檬：柠乐（柠檬+可乐），柠七（柠檬+七喜），咸柠七（盐+柠檬+七喜），柠啡（柠檬+咖啡），柠茶（柠檬+西冷红茶），柠蜜（柠檬+蜂蜜），柠宾（柠檬+黑加仑汁） 立顿茶：丽颜茶，沁醒茶，纤扬茶，红茶，绿茶，茉莉花茶，温润红茶，（以下4款即将停产）英式风情茶，韩式麦香茶，日式煎茶，欧式伯爵茶。 新的果汁：芒果汁，橙汁，草番（草莓+番石榴），柠檬汁，苹果汁，黑加伦汁，菠萝汁，西柚，热带水果柠檬冰茶。 C类：芒C，橙C，柠檬C，苹果C，美禄（美禄粉+甜奶粉），菠萝C，黑加伦C 国外进口茶：伦亨尔系列，圣桃园系列，川宁系列，雅茉系列。 全新推出，地下铁果味奶茶（可做咖啡）：薄荷奶茶，焦糖奶茶，杏仁奶茶，草莓奶茶，玫瑰奶茶，榛果奶茶~高质低价的世界级饮品赢得了人们心仪。店面环境舒适雅致，服务员态度热情，内设WiFi供给顾客使用。是休闲聚会的绝佳场所。', 'upload/shop/2015-07-24/55b187baa0c50.jpg', 'upload/shop/2015-07-24/55b187baa0a3e.jpg', '2015-07-23 23:23:01', 1, 1, 0),
(19, '潮师傅', '北京理工大学珠海学院25栋', '', '', '', '113.552', '22.367', '15014918333', '潮师傅位于珠海市学生公寓25栋,主要美食有猪杂汤饭(大),猪杂汤饭(中),猪杂汤饭(小),杂丸汤饭(大),杂丸汤饭(中)等。本店面干净整洁，服务员服务态度好。欢迎大家关注饿了么网上订餐公众账号“elemeorder”，可在微信直接订餐哦。', 'upload/shop/2015-07-24/55b195903be77.jpg', 'upload/shop/2015-07-24/55b195903bd62.jpg', '2015-07-24 01:32:00', 1, 1, 0),
(20, '帕瑞雅', '北京理工大学珠海学院25栋', '', '', '', '113.552', '22.366', '13750071991', '帕瑞雅咖啡店，位于北理工分校，安静优雅，静默享受。本店现已发展成为集餐饮、休闲、娱乐为一体的连锁性综合机构。多年来，本店以特色经营为基础，以服务满意为保证，着力提供顾客喜欢的优质饮品。本店主要美味：奶茶、果汁、咖啡等。', 'upload/shop/2015-07-24/55b19c25f2c57.jpg', 'upload/shop/2015-07-24/55b19c25f29ef.jpg', '2015-07-24 02:00:05', 1, 1, 0),
(21, '零食前线', '北京理工大学珠海学院24栋', '', '', '', '113.553', '22.368', '13536544998', '本店坚持“诚信为本，和谐共赢”的企业宗旨，严把商品进货关，质量负责到底，价格货比三家，确保您买的放心，用的舒心，争做设施齐全、环境优雅的零售企业。为顾客提供“快乐,优惠,便捷,满意”的购物享受，满足广大顾客的需要。', 'upload/shop/2015-07-24/55b1f843b47f1.jpg', 'upload/shop/2015-07-24/55b19fe08efef.jpg', '2015-07-24 02:16:00', 1, 3, 0),
(22, '万通超市', '北京理工大学珠海学院26栋', '', '', '', '113.553', '22.368', '18666970567', '万通超市是一家以经营日用百货、烟酒食品为主,以代缴电费、手机费、预订机票等综合服务为辅的商业零售企业,四周均为密集的居民区，人旺、地旺、财气旺；物美价廉的商品，幽雅的购物环境和热情周到的服务，是广大消费者的购物理想场所。', 'upload/shop/2015-07-24/55b1f8d12051b.jpg', 'upload/shop/2015-07-24/55b1a2328e80f.jpg', '2015-07-24 02:25:54', 1, 3, 0),
(23, '采蝶轩', '北京理工大学珠海学院31栋', '', '', '', '113.550', '22.365', '18022168191', '公司自创立以来一直秉承“引领美食潮流、倡导品位生活”的经营理念，在短短几年的发展历程中，“采蝶轩”系列产品不仅被广大消费者广泛认同和喜爱，而且取得了丰厚的社会经济效益。', 'upload/shop/2015-07-24/55b1a439e3d5d.jpg', 'upload/shop/2015-07-24/55b1a439e3bde.jpg', '2015-07-24 02:34:33', 1, 5, 0),
(24, '豪嘉基汉堡', '北京理工大学珠海学院40栋', '', '', '', '113.547', '22.367', '13680329755', '豪嘉基倡导绿色、环保、健康的服务理念，公司旗下的各款产品，美味与品质兼具，时尚与创意领先，深受广大消费者青睐。公司总部拥有强大的管理体系和丰富的市场营运经验，在管理模式上，公司通过流程化的营运平台，集产品开发、生产、销售、联合供应为一体，引进西方的餐饮技术结合中式管理模式，使其更符合中国市场的需求。', 'upload/shop/2015-07-24/55b1a695006a0.jpg', 'upload/shop/2015-07-24/55b1a69500550.jpg', '2015-07-24 02:44:37', 1, 1, 0),
(25, '潘多拉', '北京理工大学珠海学院11栋', '', '', '', '113.550', '22.369', '690662', '我们的饰品均来自于韩国，都是货真价实的韩国产品，直接从韩国厂家提货，一直都以低廉的价格，硬过的售后，以及优质的商品质量占领着市场，商品种类齐全，品种众多，并且更新速度快，跟韩国官方网站保持同步更新。', 'upload/shop/2015-07-24/55b1ad49e87bf.jpg', 'upload/shop/2015-07-24/55b1ad49e869c.jpg', '2015-07-24 03:13:13', 1, 6, 0),
(26, '重庆鸡公煲', '北京理工大学珠海学院第一食堂', '', '', '', '113.550', '22.369', '13232255121', '“重庆鸡公煲”是一道重口味，令人一吃就难以忘怀的新名菜，同时结合了火锅长盛不衰的经营精华，使其给经营者带来了滚滚利益，又具有永吃不腻不厌，同时又给人带来越吃越丰富的感受，也是06年美食市场刚兴起的迷你小火锅，公司独特的腌鸡酱料是鸡公煲经营成功的关键，为厨师压缩了许多繁琐的烧制流程，这给经销经营者带来了许多管理上的便捷，不仅保证了质量关，又方便了管理。', 'upload/shop/2015-07-24/55b1aeebef2f1.jpg', 'upload/shop/2015-07-24/55b1aeebef09b.jpg', '2015-07-24 03:20:11', 1, 1, 0),
(27, '泽凡糖水', '北京理工大学珠海学院26栋', '', '', '', '113.552', '22.365', '13570618961', '糖水是广东地区汉族甜品小吃的总称，属于粤菜系。种类十分多样，有红豆沙 莲子糖水等等。基本就是把一些下火的材料加水和糖一起煮，十分消暑，为广东人喜欢的小吃。糖水既可以作为中式饭食后的甜品，也可以作为夜宵的小品，可以为人们带来愉快的心情。', 'upload/shop/2015-07-24/55b1e12fd2485.jpg', 'upload/shop/2015-07-24/55b1e12fd22ce.jpg', '2015-07-24 06:54:39', 1, 1, 0),
(28, '波哥煲煲店', '北京理工大学珠海学院4栋', '', '', '', '113.554', '22.368', '15919182228', '波哥煲煲店是一家以江浙菜为主的餐厅，所有的菜都是用砂锅的，豆腐煲闻着臭、吃着香；鸭子煲甜中带辣，味道极佳。环境和服务都透着家常的感觉，加上价格很适合老百姓消费。波哥煲煲店始终尽心尽力的追求卓越品质。努力将原始健康的“煲”的烹饪技术融入到中国博大的美食和浙菜的精细朴实之中。', 'upload/shop/2015-07-24/55b1e51bcaef5.jpg', 'upload/shop/2015-07-24/55b1e51bcada4.jpg', '2015-07-24 07:11:23', 1, 1, 0),
(29, '京工鲜果吧', '北京理工大学珠海学院17栋', '', '', '', '113.551', '22.369', '15919210686', '京工鲜果吧水果种类丰富，每天都会提供新鲜的水果，绿色无公害。', 'upload/shop/2015-07-24/55b1e9ed1bcb6.jpg', 'upload/shop/2015-07-24/55b1e9ed1bb7c.jpg', '2015-07-24 07:31:57', 1, 1, 0),
(30, '铭牌自行车销售维修中心', '北京理工大学珠海学院16栋', '', '', '', '113.552', '22.367', '15913222506', '专业从事于自行车专卖、自行车高档配件零售与批发。自成立以来一直秉承“以人为本，服务社会”的原则，致力于为市场提供更为方便、快捷、时尚、安全的自行车。推出的系列产品能够满足不同消费者的需求。已经在自行车市场领域撑起了自己的一片天空。回顾发展历程，我们秉承专业化、品质化的经营理念，客户至上的服务宗旨，缔造了良好的客群关系和优质的产品，得到广大经销商和消费者的认可。', 'upload/shop/2015-07-24/55b1ebe21e049.jpg', 'upload/shop/2015-07-24/55b1ebe21de25.jpg', '2015-07-24 07:40:18', 1, 7, 0),
(31, '萤火虫', '北京理工大学珠海学院40栋', '', '', '', '113.547', '22.367', '13825612863', '本店倾心打造至高品味的美食场所，创立了最爱中餐、燕鲍翅精作房等特色餐饮品牌，将传统大型中餐与特色餐饮相结合，形成独特的店中店模式，满足不同消费群体的不同需求。专业的团队，个性化的装修、极显人性化的亲和服务。一直以来，金海华对美食的执着与创新，精彩的演绎着美食的至高境界。\r\n', 'upload/shop/2015-07-24/55b1ed5d0d8c1.jpg', 'upload/shop/2015-07-24/55b1ed5d0d523.jpg', '2015-07-24 07:46:37', 1, 1, 0),
(32, '沙县小吃', '北京理工大学珠海学院3栋', 's37', '2556', '1474', '113.554', '22.368', '13727021357', '本店小吃经济实惠，新鲜可口，绿色健康。沙县小吃基本上是低脂肪、低热量的清淡食品。沙县小吃最主要的原料之一是黄豆、大豆，其营养成分的含量在各种食品中是名列前茅的。沙县风味小吃的许多原料、佐料都有丰富的营养。有的可以以食为药，有去病保健的作用。为了发扬沙县风味小吃医疗保健的传统，有人还开设了药膳炖罐，受到了社会各界的欢迎。', 'upload/shop/2015-07-24/55b1efbb6e117.jpg', 'upload/shop/2015-07-24/55b1efbb6dd2d.jpg', '2015-07-24 07:56:43', 1, 1, 2),
(33, '美宜佳', '北京理工大学珠海学院40栋', '', '', '', '113.547', '22.367', '(0756)2115117', '美宜佳便利店有限公司是广东省东莞市糖酒集团控股的连锁商业流通企业，是东莞本土零售巨鳄、中国规模最大的便利店企业。成立于1997年，经过十八年的创新发展，美宜佳已获得“广东省著名商标”、“中国零售业十大优秀特许加盟品牌”等荣誉称号，店铺数超过4600多家，遍布东莞、深圳、广州、中山、惠州、佛山、江门、河源、清远、珠海等城市，成为广东省最具影响力及最具投资价值的便利店品牌。\r\n', 'upload/shop/2015-07-24/55b1f14ae1bf3.jpg', 'upload/shop/2015-07-24/55b1f14ae1a99.jpg', '2015-07-24 08:03:22', 1, 4, 0),
(34, '大光明眼镜', '北京理工大学珠海学院教师公寓2栋', '', '', '', '113.554', '22.369', '(0756)3889683', ' 目前，公司作为著名眼镜专业零售店及西南知名眼镜品牌，正在筹划集“店面验配，仓储物流，品牌代理，行业培训”于一体的眼镜企业连锁加盟方案，以 “中国眼镜连锁企业第一品牌”为愿景，实现具有一流先进仪器设备、一流优质服务水平、一流产品质量、一流规范化管理、一流专业员工队伍的规模化、专业化的连锁眼镜企业。', 'upload/shop/2015-07-24/55b1f30b27a2d.jpg', 'upload/shop/2015-07-24/55b1f30b27808.jpg', '2015-07-24 08:10:51', 1, 8, 0),
(35, '中国联通', '北京理工大学珠海学院6栋', '', '', '', '113.554', '22.367', '（0756）3628235', '中国联合网络通信集团有限公司（简称中国联通）于2009年1月6日在原中国网通和原中国联通的基础上合并而成，在国内31个省（自治区、直辖市）和境外多个国家和地区设有分支机构，是中国唯一一家同时在纽约、香港、上海三地上市的电信运营企业。截至2008年底，资产规模达到5266.6亿元人民币，员工总数为46.3万人。', 'upload/shop/2015-07-24/55b1f5074c984.jpg', 'upload/shop/2015-07-24/55b1f5074c6a4.jpg', '2015-07-24 08:19:19', 1, 9, 5);

-- --------------------------------------------------------

--
-- 表的结构 `comment`
--

CREATE TABLE IF NOT EXISTS `comment` (
  `cid` int(11) NOT NULL AUTO_INCREMENT,
  `uid` int(11) NOT NULL,
  `aid` int(11) NOT NULL,
  `content` text NOT NULL,
  `time` timestamp NOT NULL DEFAULT CURRENT_TIMESTAMP,
  `ip` varchar(16) NOT NULL,
  PRIMARY KEY (`cid`)
) ENGINE=MyISAM  DEFAULT CHARSET=utf8 AUTO_INCREMENT=20 ;

--
-- 转存表中的数据 `comment`
--

INSERT INTO `comment` (`cid`, `uid`, `aid`, `content`, `time`, `ip`) VALUES
(8, 1, 2, '在测试', '2015-07-18 16:03:43', '127.0.0.1'),
(9, 1, 35, '联通超坑啊！', '2015-07-25 04:15:52', '42.96.133.35'),
(10, 1, 35, '很宽敞，服务态度不错。', '2015-07-25 06:05:44', '42.96.133.35'),
(11, 35, 34, 'ok', '2015-08-20 09:46:29', '113.94.29.145'),
(12, 35, 34, 'test', '2015-08-20 10:03:26', '113.94.29.145'),
(13, 35, 33, 'sadasd', '2015-08-20 10:06:43', '113.94.29.145'),
(14, 35, 34, '看看', '2015-08-20 12:23:22', '113.94.29.145'),
(15, 35, 35, '5050', '2015-08-20 12:24:09', '113.94.29.145'),
(16, 35, 35, 'ss是', '2015-08-21 16:11:38', '113.94.29.145'),
(17, 44, 35, '留念', '2015-08-21 18:09:17', '113.94.29.145'),
(18, 2, 32, 'ok', '2015-09-14 12:42:39', '112.96.176.54'),
(19, 2, 32, 'ok', '2015-09-14 12:42:41', '112.96.176.54');

-- --------------------------------------------------------

--
-- 表的结构 `front`
--

CREATE TABLE IF NOT EXISTS `front` (
  `fid` int(11) NOT NULL AUTO_INCREMENT,
  `title` text NOT NULL,
  `fname` varchar(32) NOT NULL,
  PRIMARY KEY (`fid`)
) ENGINE=MyISAM  DEFAULT CHARSET=utf8 AUTO_INCREMENT=2 ;

--
-- 转存表中的数据 `front`
--

INSERT INTO `front` (`fid`, `title`, `fname`) VALUES
(1, 'WIFI定位后台管理', 'WIFI定位后台管理');

-- --------------------------------------------------------

--
-- 表的结构 `manager`
--

CREATE TABLE IF NOT EXISTS `manager` (
  `id` int(11) NOT NULL AUTO_INCREMENT,
  `name` varchar(32) NOT NULL,
  `password` varchar(32) NOT NULL,
  `role` tinyint(1) NOT NULL,
  `loginip` varchar(15) DEFAULT NULL,
  `logintime` timestamp NULL DEFAULT NULL,
  PRIMARY KEY (`id`,`name`),
  UNIQUE KEY `name` (`name`),
  UNIQUE KEY `name_2` (`name`)
) ENGINE=MyISAM  DEFAULT CHARSET=utf8 AUTO_INCREMENT=7 ;

--
-- 转存表中的数据 `manager`
--

INSERT INTO `manager` (`id`, `name`, `password`, `role`, `loginip`, `logintime`) VALUES
(1, 'admin', 'eb62f6b9306db575c2d596b1279627a4', 1, '116.27.46.11', '2015-08-05 16:27:41'),
(2, 'tom', 'e10adc3949ba59abbe56e057f20f883e', 0, '180.124.254.60', '2015-02-27 09:35:05'),
(4, 'jacky', 'e10adc3949ba59abbe56e057f20f883e', 0, NULL, NULL),
(5, 'lilei', 'e10adc3949ba59abbe56e057f20f883e', 1, '27.42.111.83', '2015-03-21 13:29:04');

-- --------------------------------------------------------

--
-- 表的结构 `type`
--

CREATE TABLE IF NOT EXISTS `type` (
  `tid` int(11) NOT NULL AUTO_INCREMENT,
  `typename` varchar(64) DEFAULT NULL,
  PRIMARY KEY (`tid`),
  UNIQUE KEY `typename` (`typename`)
) ENGINE=MyISAM  DEFAULT CHARSET=utf8 AUTO_INCREMENT=10 ;

--
-- 转存表中的数据 `type`
--

INSERT INTO `type` (`tid`, `typename`) VALUES
(3, '休闲娱乐'),
(1, '餐饮美食'),
(4, '超市'),
(5, '面包店'),
(6, '饰品店'),
(7, '自行车维修'),
(8, '眼镜店'),
(9, '营业厅');

-- --------------------------------------------------------

--
-- 表的结构 `user`
--

CREATE TABLE IF NOT EXISTS `user` (
  `uid` int(10) unsigned NOT NULL AUTO_INCREMENT,
  `username` varchar(16) NOT NULL,
  `password` varchar(32) NOT NULL,
  `token` text,
  `email` varchar(128) DEFAULT NULL,
  `regtime` timestamp NOT NULL DEFAULT '0000-00-00 00:00:00' ON UPDATE CURRENT_TIMESTAMP,
  `logintime` timestamp NULL DEFAULT NULL,
  `loginip` varchar(15) DEFAULT NULL,
  `favorite` text,
  PRIMARY KEY (`uid`),
  UNIQUE KEY `username` (`username`),
  UNIQUE KEY `username_2` (`username`),
  UNIQUE KEY `email` (`email`)
) ENGINE=MyISAM  DEFAULT CHARSET=utf8 AUTO_INCREMENT=45 ;

--
-- 转存表中的数据 `user`
--

INSERT INTO `user` (`uid`, `username`, `password`, `token`, `email`, `regtime`, `logintime`, `loginip`, `favorite`) VALUES
(1, '王大锤', 'c33367701511b4f6020ec61ded352059', 'XcrOO9xjMDVlHz/Yb8R5yZLkYC9hOnmA2RatVB0rHtRRUqT8XVpG4oAA/6FxQl9ZZOpclKRvrBI17SNzN0IUKTeX77ilMUKK', 'cynlittle@126.com', '2015-08-09 09:35:27', '2015-08-09 09:35:27', '14.113.218.7', '["1","4","7"]'),
(2, '测试', 'e10adc3949ba59abbe56e057f20f883e', 'XcrOO9xjMDVlHz/Yb8R5yRr1CfLmcOgs2RatVB0rHtRRUqT8XVpG4oAA/6FxQl9ZxJtmphVQmaVtFHWSE5TqADeX77ilMUKK', '1@qq.com', '2015-09-16 16:53:28', '2015-09-15 08:49:29', '221.4.220.236', '["32"]'),
(3, 'ccc', 'e11170b8cbd2d74102651cb967fa28e5', NULL, 'admin@1.com', '0000-00-00 00:00:00', NULL, NULL, NULL),
(34, 'test', 'a9e49c7aefe022f0a8540361cce7575c', NULL, 'admin@等等11.com', '2015-02-07 17:05:07', NULL, NULL, NULL),
(35, '1234', 'e10adc3949ba59abbe56e057f20f883e', 'XcrOO9xjMDVlHz/Yb8R5yfBujFq75YSrwSLjRDONecD+tdsD2RAO8B72AY/aSScy//YCSzasp7Z3vXFgQFX1FtZ3z0k/CX7C', '1528126360@qq.com', '2015-08-21 15:49:40', '2015-08-20 15:20:29', '113.94.29.145', '["1","2","34"]'),
(42, 'asd31', '7815696ecbf1c96e6894b779456d330e', NULL, 'asd@qq.com', '2015-08-21 17:30:43', NULL, '42.96.133.35', NULL),
(43, 'cyn', 'f5b0154713e5f0d104452c414487cc37', 'XcrOO9xjMDWK+JCo8p2WtQTzReBzbWCExqHsmNFWsfcCi3nV5ipsbzvt2L4mMKJ8EWthscMaSzPQVBzF4bDdPA==', 'cyn@qq.com', '2015-08-21 17:56:27', NULL, '113.94.29.145', NULL),
(44, 'cyn2', '202cb962ac59075b964b07152d234b70', 'XcrOO9xjMDWK+JCo8p2WtVfHJu9TyeoixqHsmNFWsfcCi3nV5ipsbzvt2L4mMKJ8EWthscMaSzPG741FgEgfDQ==', 'cyn1@qq.com', '2015-08-31 14:55:53', NULL, '113.94.29.145', '["35"]');

/*!40101 SET CHARACTER_SET_CLIENT=@OLD_CHARACTER_SET_CLIENT */;
/*!40101 SET CHARACTER_SET_RESULTS=@OLD_CHARACTER_SET_RESULTS */;
/*!40101 SET COLLATION_CONNECTION=@OLD_COLLATION_CONNECTION */;
